75ddd603-bffc-444f-87d1-f355c478a48d,"4570 Vitinska, Bela Crkva, Kolubara, Serbia",1994-04-04T02:26:59.901Z,tina.rukavina@example.com,Tina,female,Rukavina,017-2777-456,https://randomuser.me/api/portraits/med/women/50.jpg,18065,2013-03-15T11:00:47.950Z,brownsnake723
0ee2a440-efb7-4d50-9cd0-1d2cf9fd8eb4,"838 Hezeland, Hoogvliet Rotterdam, Zeeland, Netherlands",1976-10-30T11:57:37.622Z,caithlyn.prak@example.com,Caithlyn,female,Prak,(095) 7262982,https://randomuser.me/api/portraits/med/women/93.jpg,5773 LR,2021-01-02T08:55:32.678Z,happykoala189
70f42a66-0f83-40f3-b64b-d83244b18df0,"7373 Rua Alagoas , Cotia, Roraima, Brazil",1966-08-29T14:53:25.595Z,boris.viana@example.com,Bóris,male,Viana,(43) 4121-2767,https://randomuser.me/api/portraits/med/men/76.jpg,51934,2002-08-05T18:03:11.625Z,bigcat808
cf3fe816-dcb4-45fb-8960-1a08b4d843e0,"4317 Callejón Sur Trujillo, Valle de Juárez (Jerahuaro), Yucatan, Mexico",1974-07-24T19:37:20.245Z,berta.villanueva@example.com,Berta,female,Villanueva,(643) 560 6006,https://randomuser.me/api/portraits/med/women/68.jpg,66620,2006-01-20T18:22:53.374Z,organicelephant355
1432db7e-2593-4278-a776-05d9c0e722a0,"1856 سهروردی, کاشان, خراسان رضوی, Iran",1953-10-07T16:38:25.070Z,myraaly.khrymy@example.com,اميرعلي,male,کریمی,004-05292980,https://randomuser.me/api/portraits/med/men/60.jpg,10736,2006-05-29T03:08:07.766Z,sadlion813
f6032af7-6eed-4474-bc5f-244adf94feb2,"1389 Mill Lane, Oxford, Hampshire, United Kingdom",1950-07-19T01:47:04.616Z,ava.west@example.com,Ava,female,West,016974 35092,https://randomuser.me/api/portraits/med/women/55.jpg,F1F 5AJ,2006-01-27T08:00:42.509Z,redtiger769
dde3f4ab-86b9-43d5-8227-de38e3a26af1,"2833 Gaasterland, Jirnsum, Drenthe, Netherlands",1979-03-12T12:04:36.732Z,martino.mengerink@example.com,Martino,male,Mengerink,(0926) 321467,https://randomuser.me/api/portraits/med/men/99.jpg,1583 PR,2014-08-28T08:56:50.041Z,angryostrich742
2c6749e3-ec5c-461c-886d-f6f36401d807,"8100 Plum St, Ballarat, Northern Territory, Australia",1968-04-15T15:37:54.413Z,erika.shelton@example.com,Erika,female,Shelton,00-2026-0324,https://randomuser.me/api/portraits/med/women/90.jpg,3571,2002-07-09T03:15:52.474Z,heavyfrog157
a9f19bd7-cc55-4352-ac2a-5364caa7582c,"71 Otavalankatu, Kumlinge, Satakunta, Finland",1954-01-08T11:36:59.469Z,anni.kauppila@example.com,Anni,female,Kauppila,02-796-837,https://randomuser.me/api/portraits/med/women/87.jpg,12332,2012-03-07T06:10:14.910Z,heavywolf117
ece7f30c-4b57-4cc0-95af-71a396d76314,"3708 Lessingstraße, Kupferberg, Berlin, Germany",1958-08-28T07:17:23.613Z,tobias.ross@example.com,Tobias,male,Roß,0255-2587854,https://randomuser.me/api/portraits/med/men/79.jpg,62933,2014-12-22T08:53:59.149Z,organiczebra561
037e9839-8ffa-4330-bb7d-959d4f3cf6b5,"5657 Obrenovića, Irig, Nišava, Serbia",1998-06-13T20:13:32.950Z,zlatan.rakic@example.com,Zlatan,male,Rakić,028-7710-781,https://randomuser.me/api/portraits/med/men/15.jpg,32913,2003-07-21T03:53:32.352Z,bigrabbit711
cb586083-80be-49df-9906-4a2368015c6b,"6488 Bannerghatta Rd, Amravati, Uttar Pradesh, India",1991-06-27T09:30:38.057Z,neha.shukla@example.com,Neha,female,Shukla,9240757915,https://randomuser.me/api/portraits/med/women/72.jpg,11204,2008-05-26T11:21:04.384Z,sadleopard187
790454a2-7248-41fc-8dac-ac6bb644e3ac,"5915 Fasanenweg, Dormagen, Mecklenburg-Vorpommern, Germany",1949-10-15T15:58:53.582Z,ingelore.bruggemann@example.com,Ingelore,female,Brüggemann,0298-5902271,https://randomuser.me/api/portraits/med/women/3.jpg,13645,2020-07-02T09:48:59.533Z,angryladybug938
fd53b69f-c154-477c-ba93-a48b7fdc8fd6,"98 Åslandkroken, Neslandsvatn, Description, Norway",1968-03-08T09:42:51.192Z,laurits.unneland@example.com,Laurits,male,Unneland,87769018,https://randomuser.me/api/portraits/med/men/53.jpg,4173,2012-11-28T02:20:58.708Z,happyfish159
c08cebe4-cdc7-4ec4-ac94-d0ee38cbfa4a,"7335 Filistin Cd, Nevşehir, Hakkâri, Turkey",1987-08-13T04:55:10.060Z,mestan.evliyaoglu@example.com,Mestan,female,Evliyaoğlu,(908)-045-3431,https://randomuser.me/api/portraits/med/women/88.jpg,66581,2008-05-22T23:35:53.942Z,browngoose451
ab666a28-dc47-4d3d-ad6f-7545a1679f9c,"700 Shakespeare Sarani, Kulti, Meghalaya, India",2000-03-26T15:07:43.771Z,harish.tipparti@example.com,Harish,male,Tipparti,9037917864,https://randomuser.me/api/portraits/med/men/4.jpg,18035,2005-05-08T12:03:50.502Z,blackzebra902
211d127a-69fe-4ecd-84ef-0e9498eede0f,"5204 Rue Gasparin, Villeurbanne, Eure, France",1986-05-07T07:14:35.822Z,florian.mercier@example.com,Florian,male,Mercier,05-04-66-58-71,https://randomuser.me/api/portraits/med/men/56.jpg,93041,2021-04-05T10:07:41.414Z,beautifulgoose271
bb830484-7c96-460f-8287-1317f1cc290f,"1660 Gråkamveien, Mo, Oppland, Norway",1976-08-03T02:51:42.202Z,knut.rosenberg@example.com,Knut,male,Rosenberg,72461599,https://randomuser.me/api/portraits/med/men/35.jpg,7950,2014-09-22T17:56:02.222Z,browndog953
209d7b6a-196d-4f00-a523-9758d108f5d1,"9680 Rue Courbet, Oberbüren, Appenzell Innerrhoden, Switzerland",1998-01-14T20:50:40.700Z,eliana.dubois@example.com,Eliana,female,Dubois,076 324 39 33,https://randomuser.me/api/portraits/med/women/82.jpg,3395,2004-02-21T23:57:33.173Z,smallladybug105
d52dae5e-2953-4c49-89b0-b8043e614dd9,"322 Porodice Miljković, Bačka Palanka, Bor, Serbia",1956-02-26T01:15:10.693Z,sava.andelkovic@example.com,Sava,male,Anđelković,033-8216-910,https://randomuser.me/api/portraits/med/men/87.jpg,16680,2006-04-17T06:19:21.588Z,angrycat409
82216c7c-80d0-4a61-9e2c-ec1bba2e9417,"1891 Beethovenstraße, Bad Driburg, Nordrhein-Westfalen, Germany",1999-05-24T13:57:15.410Z,blanka.drechsel@example.com,Blanka,female,Drechsel,0208-6830695,https://randomuser.me/api/portraits/med/women/48.jpg,70301,2017-02-20T07:54:01.160Z,bluegorilla293
bc384ae1-f7fa-45df-9468-e512691b851a,"5460 Calle de La Luna, Valencia, Castilla la Mancha, Spain",1988-03-24T14:34:05.383Z,catalina.ramirez@example.com,Catalina,female,Ramírez,996-950-853,https://randomuser.me/api/portraits/med/women/41.jpg,21063,2019-12-18T00:09:46.448Z,yellowgoose844
cbfeda5c-eb1f-4977-bfd2-a0e68f24834b,"9255 Rue Jean-Baldassini, Diessenhofen, Vaud, Switzerland",1951-10-16T12:21:49.403Z,jana.charles@example.com,Jana,female,Charles,078 473 01 84,https://randomuser.me/api/portraits/med/women/66.jpg,6658,2016-01-31T07:13:39.823Z,purpleelephant337
fcbd6af8-c713-4378-ac40-fb726da84054,"4676 Dovregata, Elnesvågen, Oppland, Norway",1987-05-06T01:51:30.236Z,adam.brandtzaeg@example.com,Adam,male,Brandtzæg,52560416,https://randomuser.me/api/portraits/med/men/3.jpg,1253,2003-09-22T07:45:48.552Z,heavygoose470
e0f8dc43-9350-4f10-8bc4-84cf9063f4c0,"7831 Rua Espirito Santo , Pinhais, Tocantins, Brazil",1989-05-02T20:02:30.847Z,eleonara.goncalves@example.com,Eleonara,female,Gonçalves,(07) 3585-4648,https://randomuser.me/api/portraits/med/women/23.jpg,56829,2022-04-07T07:43:39.365Z,heavygorilla950
efed681a-ef49-444e-9aea-4c84e40d37c3,"5178 Ampliación Zacatecas, Cansahcab, Michoacan, Mexico",1968-08-21T09:11:34.070Z,luismanuel.jiminez@example.com,Luis Manuel,male,Jimínez,(675) 515 7572,https://randomuser.me/api/portraits/med/men/16.jpg,16817,2007-06-02T08:15:07.035Z,purplepeacock684
d499e8b2-73b6-4ef4-8ca2-2d81f9c0915b,"3546 York Road, Laytown-Bettystown-Mornington, Westmeath, Ireland",1973-10-19T12:21:30.878Z,lonnie.sims@example.com,Lonnie,male,Sims,011-031-9047,https://randomuser.me/api/portraits/med/men/83.jpg,75792,2012-01-07T01:03:58.254Z,blackpanda711
899a1201-6e3c-4964-83c5-701d6d89d295,"5139 Elgin St, Utica, Nebraska, United States",1978-09-08T02:28:02.021Z,lawrence.owens@example.com,Lawrence,male,Owens,(880) 903-1828,https://randomuser.me/api/portraits/med/men/72.jpg,33283,2014-11-13T14:22:48.520Z,crazyzebra326
9b60f09a-f0ef-4498-8161-e9ad40ac9c05,"8214 Fjordbakken, Tisvilde, Nordjylland, Denmark",1963-12-31T20:03:58.408Z,alfred.pedersen@example.com,Alfred,male,Pedersen,98311628,https://randomuser.me/api/portraits/med/men/78.jpg,38694,2017-08-07T09:12:04.738Z,organicswan332
4edbba1a-bee2-4e53-b24a-aab425b1644e,"4835 Rue André-Gide, Bas-Intyamon, Luzern, Switzerland",1984-09-01T13:46:24.034Z,debora.legrand@example.com,Debora,female,Legrand,076 343 39 93,https://randomuser.me/api/portraits/med/women/68.jpg,9041,2008-08-13T15:15:47.343Z,brownfrog848
17076a34-1359-4445-9117-4f640766e73f,"7510 Avenida de Salamanca, Guadalajara, Canarias, Spain",1966-02-05T02:19:46.463Z,anna.leon@example.com,Anna,female,León,949-078-093,https://randomuser.me/api/portraits/med/women/90.jpg,38896,2008-08-06T10:33:28.193Z,heavyfrog216
0a2f4601-3b93-4923-8ea8-3c133ab487aa,"3806 Rue Dugas-Montbel, Nice, Calvados, France",1955-06-09T16:44:32.350Z,rafael.chevalier@example.com,Rafael,male,Chevalier,02-57-45-60-97,https://randomuser.me/api/portraits/med/men/9.jpg,48658,2007-11-09T01:27:51.800Z,tinyelephant658
5d74caa2-11b7-475b-9505-4050cd341b10,"9137 Maple Ave, Chipman, Saskatchewan, Canada",1963-04-24T03:53:34.593Z,maxime.lavoie@example.com,Maxime,male,Lavoie,C73 U01-6875,https://randomuser.me/api/portraits/med/men/66.jpg,K4Q 5Q1,2004-10-14T11:04:20.561Z,redleopard285
9ba1901c-9994-45b1-9e2c-e25e644f92de,"226 Vesterhavsvej, Amager, Danmark, Denmark",1958-03-03T00:23:39.100Z,ella.pedersen@example.com,Ella,female,Pedersen,06040537,https://randomuser.me/api/portraits/med/women/30.jpg,93482,2006-02-04T14:51:14.014Z,ticklishswan811
ee3f034d-3668-48e9-8620-ab20051da035,"2989 Grove Road, Greystones, South Dublin, Ireland",1974-10-26T23:14:11.759Z,marie.hall@example.com,Marie,female,Hall,041-517-4335,https://randomuser.me/api/portraits/med/women/34.jpg,28087,2013-03-30T05:53:11.517Z,lazypeacock163
6d83a2aa-26a7-4e10-89e9-0b68a9b5f839,"7983 Frederick Street, Whanganui, Marlborough, New Zealand",1949-11-28T16:48:26.594Z,keira.white@example.com,Keira,female,White,(230)-859-3823,https://randomuser.me/api/portraits/med/women/71.jpg,94462,2013-02-11T01:52:43.192Z,ticklishtiger563
8938ca4d-4288-416a-bbf0-a9afb007c4fc,"9276 Bulevardi, Koski, Lapland, Finland",1981-11-19T11:52:04.410Z,ronja.ranta@example.com,Ronja,female,Ranta,02-621-888,https://randomuser.me/api/portraits/med/women/81.jpg,57737,2005-09-05T21:40:55.040Z,heavyzebra207
11b23700-8db5-4622-9fbf-8fda9b195b10,"3549 Halifax Street, Auckland, Gisborne, New Zealand",1958-11-07T23:44:35.399Z,matilda.wilson@example.com,Matilda,female,Wilson,(256)-762-0780,https://randomuser.me/api/portraits/med/women/45.jpg,62298,2005-01-15T21:50:15.809Z,smallpeacock207
c57e46cb-a7bf-4871-85c0-4a317b2b16f1,"4461 Dušana Despotovića, Požega, Bor, Serbia",1987-03-21T16:21:29.999Z,gligorije.vujicic@example.com,Gligorije,male,Vujičić,037-7005-489,https://randomuser.me/api/portraits/med/men/28.jpg,80181,2020-05-23T22:16:30.879Z,redduck188
67808a32-bacb-4d89-a944-3ecd6da10f75,"9047 Fatih Sultan Mehmet Cd, Bartın, Aydın, Turkey",1946-01-26T06:17:24.091Z,gul.yildirim@example.com,Gül,female,Yıldırım,(343)-242-6729,https://randomuser.me/api/portraits/med/women/48.jpg,24670,2008-06-11T00:47:22.934Z,redgorilla726
3e6984d9-7389-4d5c-aa1b-d1b8fcf9b352,"4939 Te Mata Road, Invercargill, Wellington, New Zealand",1977-11-18T05:18:33.583Z,hayley.robinson@example.com,Hayley,female,Robinson,(276)-228-0652,https://randomuser.me/api/portraits/med/women/10.jpg,74817,2021-07-17T12:53:32.909Z,lazymeercat310
be6efb11-c95f-414a-89da-5de09d3a455f,"2729 Rua Treze , Simões Filho, Bahia, Brazil",1970-06-13T07:28:54.474Z,severino.vieira@example.com,Severino,male,Vieira,(62) 5814-2287,https://randomuser.me/api/portraits/med/men/22.jpg,25231,2010-09-30T02:26:38.046Z,purplemouse805
e0dad085-dc70-48c7-9fc8-b00224921341,"7148 Avenue de la Libération, Zernez, Appenzell Ausserrhoden, Switzerland",2000-07-01T17:56:50.105Z,evelyne.rousseau@example.com,Évelyne,female,Rousseau,079 132 26 72,https://randomuser.me/api/portraits/med/women/79.jpg,6019,2017-06-27T07:53:34.736Z,angryzebra175
76ba0874-ec5e-4596-ae52-67d59edfc433,"3161 Doneckiy provulok, Nikopol, Vinnicka, Ukraine",1977-10-21T17:01:18.753Z,shchek.krizhanivska@example.com,Shchek,male,Krizhanivska,(097) G45-5408,https://randomuser.me/api/portraits/med/men/35.jpg,10303,2009-02-12T12:38:19.333Z,beautifulpanda823
39f9e5cb-8491-4991-8855-ff149170e9c0,"2317 Old Jail Rd, Madurai, Odisha, India",1984-10-12T16:35:51.313Z,veer.mardhekar@example.com,Veer,male,Mardhekar,9173021885,https://randomuser.me/api/portraits/med/men/63.jpg,62545,2015-12-05T01:07:00.810Z,crazypanda195
26718c75-8683-4e98-bff8-19d9459d19e3,"2709 Prolongación Norte Arce, Pilotos, Nuevo Leon, Mexico",1996-05-05T20:02:19.106Z,luz.galindo@example.com,Luz,female,Galindo,(620) 401 3089,https://randomuser.me/api/portraits/med/women/18.jpg,38541,2003-11-16T18:00:27.134Z,heavybird496
6679dee2-b67a-43d5-9410-fb90c4a65ef8,"4248 Holstebrovej, Ryslinge, Midtjylland, Denmark",1992-04-06T08:04:04.934Z,asta.christiansen@example.com,Asta,female,Christiansen,89600530,https://randomuser.me/api/portraits/med/women/32.jpg,81387,2014-05-05T11:17:50.519Z,blackmouse983
03017be3-ae77-4ea6-8451-dffaa1080192,"695 Rua Santa Rita , Petrópolis, Alagoas, Brazil",1995-02-14T03:36:44.139Z,jusseline.lopes@example.com,Jusseline,female,Lopes,(01) 6085-7102,https://randomuser.me/api/portraits/med/women/88.jpg,95831,2010-12-27T22:03:33.531Z,blackkoala436
ee359531-7306-403b-94cb-1427cc8f0257,"6000 Carter Rd Promenade, Gwalior, Karnataka, India",1987-02-23T20:12:37.261Z,ananya.belligatti@example.com,Ananya,female,Belligatti,7823761118,https://randomuser.me/api/portraits/med/women/58.jpg,36549,2003-12-10T19:47:11.329Z,happygorilla259
65a3696d-7d27-4572-9fee-03f9e3c3dbdb,"6808 Rua Santa Rita , Gravataí, Pernambuco, Brazil",1954-09-16T01:44:12.935Z,arcelino.barbosa@example.com,Arcelino,male,Barbosa,(73) 1771-9851,https://randomuser.me/api/portraits/med/men/73.jpg,23631,2020-04-12T15:30:59.576Z,happylion788
9405dec2-f7df-4c90-80db-96f26c2d7d4f,"6695 Rautatienkatu, Kerimäki, Southern Savonia, Finland",1964-08-20T23:43:29.697Z,valtteri.hakola@example.com,Valtteri,male,Hakola,05-965-170,https://randomuser.me/api/portraits/med/men/3.jpg,65825,2010-02-22T19:47:35.711Z,silverrabbit432
f5f08323-31f2-48d0-9aa9-0cbe42bfaa62,"1810 Rotuaari, Espoo, Tavastia Proper, Finland",1960-02-26T09:29:20.472Z,nooa.justi@example.com,Nooa,male,Justi,09-822-804,https://randomuser.me/api/portraits/med/men/93.jpg,29469,2008-03-12T16:52:47.207Z,yellowfrog871
4e929cb6-9da1-4218-acc7-9fb066579881,"3984 Boghall Road, Greystones, Longford, Ireland",1946-02-09T08:04:05.015Z,isaac.long@example.com,Isaac,male,Long,071-390-1067,https://randomuser.me/api/portraits/med/men/68.jpg,46875,2015-10-25T07:55:28.562Z,beautifulpeacock581
5875d821-1a6c-42f9-ad58-385028a56a08,"512 Delhezstraat, Echteld, Drenthe, Netherlands",1979-01-10T14:36:45.816Z,acelya.vandenwijngaard@example.com,Acelya,female,Van den Wijngaard,(050) 9028202,https://randomuser.me/api/portraits/med/women/95.jpg,3713 XZ,2003-08-09T11:50:37.639Z,bluebird455
a3fc7856-592f-4b89-9752-6f87dede55b2,"5588 Rosenweg, Bad Krozingen, Sachsen, Germany",1988-07-10T03:47:50.156Z,juliane.wenz@example.com,Juliane,female,Wenz,0158-9684319,https://randomuser.me/api/portraits/med/women/36.jpg,15847,2015-10-24T06:07:58.102Z,biggorilla396
28cd7542-2a2b-451e-92b4-f6f7b7ae2f50,"9769 Nørremarksvej, Kongsvinger, Syddanmark, Denmark",1965-09-06T21:22:17.276Z,silas.christensen@example.com,Silas,male,Christensen,66314113,https://randomuser.me/api/portraits/med/men/97.jpg,12186,2006-12-25T16:00:21.251Z,redbear778
9811f62d-86ef-41d9-a87b-6ff07182b9c6,"3142 Brunnenstraße, Schramberg, Brandenburg, Germany",1951-02-21T17:05:35.715Z,stephan.gehring@example.com,Stephan,male,Gehring,0741-4095307,https://randomuser.me/api/portraits/med/men/90.jpg,51119,2021-09-25T17:48:32.720Z,heavyfish546
98416230-a63c-4511-9390-87a55af86cd0,"7597 Camden Ave, Warrnambool, Queensland, Australia",1993-02-07T05:07:16.966Z,eugene.lewis@example.com,Eugene,male,Lewis,01-8157-9802,https://randomuser.me/api/portraits/med/men/47.jpg,6786,2014-09-09T22:02:24.016Z,goldenbear237
8a9b259f-b8d7-4cab-9696-4b7f4c9f494b,"1055 Dimitrija Sabova , Žabari, Srem, Serbia",1987-11-12T09:42:54.596Z,mijat.drljaca@example.com,Mijat,male,Drljača,026-5153-695,https://randomuser.me/api/portraits/med/men/41.jpg,34610,2020-11-08T17:50:51.056Z,redswan464
0ad82309-82fe-4dfa-9f79-d1cad7a2eac8,"2210 Calle de La Almudena, Santa Cruz de Tenerife, Región de Murcia, Spain",1963-03-20T12:29:44.606Z,christian.sanchez@example.com,Christian,male,Sánchez,923-726-301,https://randomuser.me/api/portraits/med/men/0.jpg,11839,2017-07-09T19:53:31.198Z,bigmeercat960
2843189c-ca8b-442b-bd70-86816665348f,"1878 دکتر چمران, زاهدان, یزد, Iran",1997-01-02T13:53:08.448Z,awyn.sltnynjd@example.com,آوین,female,سلطانی نژاد,071-26167999,https://randomuser.me/api/portraits/med/women/40.jpg,27014,2015-04-19T02:13:24.438Z,brownbird693
17e68f20-f3cd-472e-bf67-cfb85def7d48,"3727 Rajpur Rd, Kozhikode, Meghalaya, India",1961-09-24T11:05:03.900Z,veer.kavser@example.com,Veer,male,Kavser,7003178573,https://randomuser.me/api/portraits/med/men/36.jpg,93121,2020-06-26T16:50:01.669Z,bluecat748
6c2c5749-37be-4712-85d7-159cd5722174,"8360 Calle de Alberto Aguilera, Santiago de Compostela, La Rioja, Spain",1989-09-18T00:14:51.323Z,irene.lorenzo@example.com,Irene,female,Lorenzo,927-761-020,https://randomuser.me/api/portraits/med/women/79.jpg,48448,2009-12-16T12:29:06.290Z,ticklishmeercat700
69850374-9982-4b89-8e8b-07e5eef62722,"2489 Kirkeveien, Silsand, Rogaland, Norway",1989-10-09T00:12:56.556Z,eskild.tungland@example.com,Eskild,male,Tungland,87464795,https://randomuser.me/api/portraits/med/men/65.jpg,8904,2014-03-26T03:21:11.692Z,happyladybug438
7dcdd848-69b1-44ec-8993-33347b887b89,"166 Hongarijeschedijk, Warnsveld, Friesland, Netherlands",1998-11-01T12:27:24.545Z,fardau.bruining@example.com,Fardau,female,Bruining,(077) 0316336,https://randomuser.me/api/portraits/med/women/45.jpg,0419 UU,2011-11-20T09:37:50.242Z,blackladybug530
ffb6ea49-fe00-4920-96b2-06aae6b61ede,"1812 Rua Santa Luzia , São Lourenço da Mata, Minas Gerais, Brazil",1987-11-13T12:22:12.616Z,lice.moraes@example.com,Lice,female,Moraes,(81) 1335-9142,https://randomuser.me/api/portraits/med/women/56.jpg,56359,2013-03-07T19:39:16.189Z,smallcat399
5c19b791-1fff-4613-9bb4-9a15115b509e,"9119 Grand Marais Ave, Killarney, Ontario, Canada",1997-01-27T22:40:44.865Z,jeanne.johnson@example.com,Jeanne,female,Johnson,V76 Q59-2437,https://randomuser.me/api/portraits/med/women/68.jpg,Q2F 4I2,2006-01-26T01:36:59.159Z,smallzebra764
35082d51-e1b1-482e-85e3-b46eccea38fd,"4751 Glucklaan, Winterswijk Henxel, Flevoland, Netherlands",1981-02-23T08:31:29.590Z,sijmen.hoogendoorn@example.com,Sijmen,male,Hoogendoorn,(036) 3852961,https://randomuser.me/api/portraits/med/men/34.jpg,9110 FC,2021-12-15T22:57:32.803Z,bigrabbit828
3f3ecb45-84c6-4935-9995-17443b242f87,"2451 Fatih Sultan Mehmet Cd, Kahramanmaraş, Ardahan, Turkey",2000-04-26T06:53:51.893Z,ceyhun.elmastasoglu@example.com,Ceyhun,male,Elmastaşoğlu,(218)-861-4853,https://randomuser.me/api/portraits/med/men/38.jpg,55995,2018-02-14T16:32:34.965Z,purplesnake851
dac2338a-d134-4e07-91e0-23a445ec6dc0,"3262 Hämeenkatu, Alavieska, Satakunta, Finland",1973-12-26T01:27:51.115Z,topias.niva@example.com,Topias,male,Niva,07-889-762,https://randomuser.me/api/portraits/med/men/78.jpg,17892,2016-05-19T00:00:49.601Z,heavycat300
24b3877f-f758-4b88-88fd-1f2dc3bc52cf,"180 Calle del Barquillo, Córdoba, Navarra, Spain",1989-12-31T08:05:08.226Z,gonzalo.navarro@example.com,Gonzalo,male,Navarro,933-426-556,https://randomuser.me/api/portraits/med/men/0.jpg,97417,2005-11-05T08:09:41.878Z,orangemeercat542
701e58fe-1403-4e2e-bbc1-0ca062a25edb,"4370 Birkenweg, Eislingen/Fils, Nordrhein-Westfalen, Germany",1952-03-30T12:10:29.128Z,zeynep.schiessl@example.com,Zeynep,female,Schießl,0200-0166707,https://randomuser.me/api/portraits/med/women/86.jpg,54561,2016-02-19T05:50:00.377Z,brownkoala242
89b25b52-becf-4bcf-a314-fa810e7cf976,"1122 Calle de Téllez, Burgos, Aragón, Spain",1988-09-26T06:01:24.185Z,amparo.prieto@example.com,Amparo,female,Prieto,979-894-616,https://randomuser.me/api/portraits/med/women/37.jpg,26656,2013-12-03T12:34:01.920Z,sadsnake573
e381662c-c0d6-4112-abba-b3733c4ac6b9,"7038 Springfield Road, Listowel, Longford, Ireland",1961-11-01T11:00:25.073Z,becky.byrd@example.com,Becky,female,Byrd,071-397-1316,https://randomuser.me/api/portraits/med/women/36.jpg,11333,2009-03-03T21:29:46.634Z,lazygoose500
e3e2d191-2fb5-4f37-b501-594da892f6f7,"5872 Kulparkivska, Kagarlik, Kiyivska, Ukraine",1953-07-02T13:55:45.730Z,yaropolk.kramarenko@example.com,Yaropolk,male,Kramarenko,(066) S74-3294,https://randomuser.me/api/portraits/med/men/78.jpg,20049,2017-08-08T12:27:56.453Z,goldengorilla885
1d98e10e-2b22-4472-8b29-fea052db2c6f,"825 North Street, Laytown-Bettystown-Mornington, Limerick, Ireland",1955-12-28T08:08:22.973Z,karl.clarke@example.com,Karl,male,Clarke,071-727-4068,https://randomuser.me/api/portraits/med/men/24.jpg,48300,2005-07-15T04:02:39.461Z,beautifulbird441
acbdbd32-3ad9-4c9b-ae75-036df46eab04,"7076 میدان امام خمینی, خوی, هرمزگان, Iran",1978-03-14T03:22:22.151Z,aynz.jaafry@example.com,آیناز,female,جعفری,013-02061667,https://randomuser.me/api/portraits/med/women/84.jpg,97532,2007-09-04T23:38:13.383Z,redswan949
43f13fc7-ade2-4fc0-95d7-3068f8999355,"435 Boulevard de Balmont, Pau, Oise, France",1990-03-21T15:05:49.611Z,yann.legall@example.com,Yann,male,Le Gall,02-07-63-55-15,https://randomuser.me/api/portraits/med/men/93.jpg,19138,2017-10-03T23:14:37.423Z,crazyostrich886
d8c77718-2c63-4a87-a6f1-fab6c6dc79a4,"1275 The Green, Newcastle upon Tyne, Cheshire, United Kingdom",1996-11-26T04:53:21.581Z,ellen.oliver@example.com,Ellen,female,Oliver,015242 56473,https://randomuser.me/api/portraits/med/women/28.jpg,V5 8EJ,2002-04-08T05:30:34.497Z,angryleopard371
c77e9851-bd61-4a32-903f-e21970b929cd,"5388 Rue Abel, Strasbourg, Pyrénées-Orientales, France",1994-08-03T01:22:27.762Z,gabrielle.guillaume@example.com,Gabrielle,female,Guillaume,02-96-81-19-98,https://randomuser.me/api/portraits/med/women/14.jpg,23298,2008-04-13T13:51:41.006Z,sadpanda316
07479bde-8380-48e4-91e3-a0117034f507,"6855 Rua Dezenove de Outubro, Natal, Rio Grande do Norte, Brazil",1982-11-27T09:30:22.715Z,aldonio.duarte@example.com,Aldónio,male,Duarte,(90) 0462-4882,https://randomuser.me/api/portraits/med/men/23.jpg,13703,2010-03-23T07:51:17.199Z,purpleelephant571
20eff886-1572-4abd-a683-88f69b727bb8,"7837 Aleksanterinkatu, Loviisa, Lapland, Finland",1946-03-28T09:51:51.572Z,aatu.karjala@example.com,Aatu,male,Karjala,09-555-947,https://randomuser.me/api/portraits/med/men/24.jpg,34879,2017-05-19T06:17:37.376Z,smallduck126
2e768281-8757-43d9-b1c1-5c0464355815,"7239 Rue du Bât-D'Argent, Besançon, Moselle, France",1956-10-06T07:33:21.721Z,basile.carpentier@example.com,Basile,male,Carpentier,04-54-63-46-86,https://randomuser.me/api/portraits/med/men/57.jpg,42874,2011-05-22T14:54:22.926Z,heavymeercat854
0b17210e-6116-4d84-9146-86f591faf350,"5745 Westheimer Rd, Gladstone, Western Australia, Australia",1997-03-15T23:20:22.122Z,roberto.green@example.com,Roberto,male,Green,06-3193-4742,https://randomuser.me/api/portraits/med/men/47.jpg,3673,2002-08-20T07:57:53.862Z,greenelephant557
03d6f961-fe4e-4c6a-b4df-c69cd99419c6,"8457 Østermarken, Beder, Midtjylland, Denmark",1985-07-02T12:33:56.625Z,rosa.jorgensen@example.com,Rosa,female,Jørgensen,09967252,https://randomuser.me/api/portraits/med/women/21.jpg,72715,2004-01-06T23:37:25.107Z,biggoose875
d32fdbeb-0b36-43c2-a709-fa6f7d6144a1,"4011 Andriya Golovka, Lviv, Hersonska, Ukraine",1983-12-25T14:52:00.419Z,ostrozora.virastyuk@example.com,Ostrozora,female,Virastyuk,(098) P24-3026,https://randomuser.me/api/portraits/med/women/22.jpg,23589,2016-12-10T22:08:01.035Z,redleopard443
2f8e0476-74ce-41e3-b72a-1dfefea7fb1d,"5477 Viaducto Tamayo, Ciudad de Villa de Alvarez, Baja California, Mexico",1992-08-02T00:43:22.661Z,rafael.luna@example.com,Rafaél,male,Luna,(694) 649 3390,https://randomuser.me/api/portraits/med/men/35.jpg,37040,2003-06-04T09:55:53.611Z,bluesnake416
1ad9df78-281d-41d9-b287-8f226ce33ec9,"2971 Tecumseh Rd, Enterprise, Yukon, Canada",1963-09-22T19:41:53.136Z,hailey.lavigne@example.com,Hailey,female,Lavigne,K27 S29-7773,https://randomuser.me/api/portraits/med/women/40.jpg,Z5N 2D2,2005-02-19T00:33:13.773Z,angryostrich895
27b8dbaf-5731-4138-8808-9bd2397b1a52,"5498 Hereford Street, Dunedin, Southland, New Zealand",2000-12-23T18:59:55.364Z,jordan.martin@example.com,Jordan,male,Martin,(304)-776-0331,https://randomuser.me/api/portraits/med/men/22.jpg,43179,2010-06-20T22:12:48.477Z,lazydog471
8bbef163-fd4e-4462-b883-794c28d74291,"5059 Lamington Rd, Kavali, Meghalaya, India",1999-03-13T02:05:05.197Z,darpan.shet@example.com,Darpan,male,Shet,9362622663,https://randomuser.me/api/portraits/med/men/93.jpg,68159,2006-09-19T06:35:27.931Z,redpanda421
cdca93fb-c918-47ef-893c-5b3f4d0e897f,"8116 پیروزی, شهریار, خراسان رضوی, Iran",1971-03-08T23:56:41.086Z,mhmdmyn.mwswy@example.com,محمدامين,male,موسوی,086-38210910,https://randomuser.me/api/portraits/med/men/41.jpg,93753,2006-12-12T15:51:20.352Z,brownswan708
7510de5e-76b7-42ba-8869-19ecd79baacf,"3446 West Street, Laytown-Bettystown-Mornington, Offaly, Ireland",1964-12-12T09:21:19.652Z,lauren.walters@example.com,Lauren,female,Walters,071-354-5712,https://randomuser.me/api/portraits/med/women/70.jpg,16413,2002-11-22T22:52:40.571Z,tinymouse114
601509be-03e2-4eef-a260-781859a15b14,"1549 Halifax Street, Auckland, Southland, New Zealand",1990-12-20T04:37:18.505Z,jasmine.kumar@example.com,Jasmine,female,Kumar,(974)-750-3620,https://randomuser.me/api/portraits/med/women/52.jpg,29159,2013-09-08T20:12:38.937Z,orangefrog879
b1021ad0-f08c-45a9-8deb-116d9dc3bd98,"5314 Avondale Ave, Stanley, Alaska, United States",1984-12-17T22:02:20.325Z,caroline.watkins@example.com,Caroline,female,Watkins,(322) 751-9568,https://randomuser.me/api/portraits/med/women/46.jpg,90213,2008-08-24T03:11:48.651Z,organicgoose388
a15800e9-f0bc-4add-a12a-86a44a4c63f2,"4062 Rue de L'Abbé-Roger-Derry, La Baroche, Schwyz, Switzerland",1952-04-27T06:27:36.848Z,fritz.simon@example.com,Fritz,male,Simon,075 470 73 15,https://randomuser.me/api/portraits/med/men/89.jpg,2449,2007-11-03T13:48:33.206Z,goldenleopard391
4c9d952e-373a-497e-9e05-269e66ccb203,"389 Lovers Ln, Santa Maria, Minnesota, United States",1979-09-20T21:20:42.316Z,peter.turner@example.com,Peter,male,Turner,(502) 381-5635,https://randomuser.me/api/portraits/med/men/7.jpg,75101,2011-11-06T02:33:38.394Z,lazybutterfly586
2e00efef-fe3e-4603-89fc-c0ad27d3a739,"2846 Stadion Alle, Gl. Rye, Syddanmark, Denmark",1968-05-15T23:32:42.726Z,anna.larsen@example.com,Anna,female,Larsen,50847638,https://randomuser.me/api/portraits/med/women/70.jpg,69686,2002-08-14T14:50:40.752Z,crazyfish739
ac82e783-7126-40ab-9b46-f19e803dc357,"6735 Anafartalar Cd, Sivas, Afyonkarahisar, Turkey",1969-05-27T23:15:12.849Z,kerim.topaloglu@example.com,Kerim,male,Topaloğlu,(072)-367-6982,https://randomuser.me/api/portraits/med/men/70.jpg,63064,2014-10-20T10:52:17.355Z,lazypanda669
661e8503-4eb3-4964-8c32-416ea79e51d3,"9114 Lakeview St, Santa Clara, Missouri, United States",1956-02-13T20:53:07.948Z,randy.mitchelle@example.com,Randy,male,Mitchelle,(402) 230-2754,https://randomuser.me/api/portraits/med/men/18.jpg,79521,2012-09-28T17:40:12.615Z,organicduck270
54d92ade-beac-4660-ae0c-ef40dba297c9,"4232 George Street, Shannon, Longford, Ireland",1997-07-31T01:02:55.062Z,andrea.welch@example.com,Andrea,female,Welch,021-126-1235,https://randomuser.me/api/portraits/med/women/96.jpg,28903,2016-08-31T15:32:24.375Z,whitepeacock435
6306c679-6750-4cc9-aaf5-e494dcd4a058,"923 Avenue Vauban, Rothrist, Vaud, Switzerland",1958-09-27T13:08:20.209Z,svenja.sanchez@example.com,Svenja,female,Sanchez,078 384 75 75,https://randomuser.me/api/portraits/med/women/59.jpg,7625,2015-06-12T02:14:41.564Z,yellowkoala710
6c5eaa39-af2e-46f1-a1fc-441137931522,"2433 Alfred St, Havelock, Northwest Territories, Canada",1966-09-17T09:29:52.133Z,elliot.jean-baptiste@example.com,Elliot,male,Jean-Baptiste,B70 R62-8233,https://randomuser.me/api/portraits/med/men/75.jpg,O9H 3J4,2015-03-25T02:05:07.372Z,organicbird638
03b40391-5cc5-4ff1-a985-3cc353ff26a0,"8104 DragolЈuba Jeličića , Vrnjačka Banja, Jablanica, Serbia",1951-12-03T09:16:55.572Z,borivoje.orlic@example.com,Borivoje,male,Orlić,018-4169-437,https://randomuser.me/api/portraits/med/men/17.jpg,22921,2010-11-14T04:33:51.168Z,yellowduck870
b1097226-9bb3-44a4-a639-13eeff73c074,"9097 Vatan Cd, Kocaeli, Kocaeli, Turkey",1949-02-08T03:27:09.473Z,deniz.karadas@example.com,Deniz,female,Karadaş,(804)-719-8672,https://randomuser.me/api/portraits/med/women/38.jpg,68998,2004-12-12T22:46:29.816Z,crazyzebra862
84b9a068-cc77-4e34-bbe5-f63059d92418,"5768 Boghall Road, Drogheda, Kilkenny, Ireland",1957-08-23T06:26:33.596Z,allan.jacobs@example.com,Allan,male,Jacobs,051-494-1273,https://randomuser.me/api/portraits/med/men/19.jpg,39587,2002-11-11T02:58:15.181Z,heavytiger145
afd7f9b6-40bd-4c73-838b-b68d4582e18e,"689 Rajpur Rd, Ramgarh, Arunachal Pradesh, India",1959-01-31T12:46:58.599Z,ved.uchil@example.com,Ved,male,Uchil,8216243753,https://randomuser.me/api/portraits/med/men/64.jpg,37566,2006-02-03T12:31:30.300Z,beautifulduck363
734dc7ae-a91f-4db1-aba1-22b1b8c46837,"5568 Jeličićev Venac, Prokuplje, Rasina, Serbia",1982-10-20T19:57:02.349Z,dejan.ilic@example.com,Dejan,male,Ilić,035-9831-617,https://randomuser.me/api/portraits/med/men/22.jpg,32535,2014-03-16T05:45:30.141Z,purplefish151
6ce08730-c515-462e-ac51-9dd6078b64a6,"8313 Rue D'Abbeville, Poitiers, Paris, France",1965-07-22T23:25:20.711Z,robin.colin@example.com,Robin,male,Colin,05-23-11-46-45,https://randomuser.me/api/portraits/med/men/98.jpg,78166,2002-05-11T01:59:08.097Z,organicbutterfly946
cd2523f9-ac2a-4040-af5d-8e1680b95ebc,"2104 Heisewal, Eyserheide, Zuid-Holland, Netherlands",1980-02-12T10:57:28.086Z,dilara.strijk@example.com,Dilâra,female,Strijk,(087) 5985291,https://randomuser.me/api/portraits/med/women/41.jpg,1482 GT,2004-07-31T22:09:18.973Z,yellowwolf795
89026d31-c0ae-41c3-a627-d09760ffbebc,"5860 Lakeview St, New Orleans, Rhode Island, United States",1948-05-25T14:57:46.652Z,duane.howard@example.com,Duane,male,Howard,(548) 887-4008,https://randomuser.me/api/portraits/med/men/0.jpg,88296,2021-11-26T06:09:34.329Z,greenelephant373
c1beff7c-237f-4da6-9412-f6790443e0d8,"8370 Privada Italia, Comalcalco, Colima, Mexico",1989-06-29T22:05:38.099Z,angela.melgar@example.com,Ángela,female,Melgar,(674) 070 6574,https://randomuser.me/api/portraits/med/women/24.jpg,36874,2014-10-11T04:11:31.268Z,lazybird630
8bda1a21-3203-4e82-a863-86726efb57b8,"8487 George Street, Winchester, Hampshire, United Kingdom",2000-08-23T01:01:14.017Z,amy.king@example.com,Amy,female,King,024 0055 1836,https://randomuser.me/api/portraits/med/women/71.jpg,GD33 0JY,2006-09-06T02:01:43.573Z,bluebird519
3c80ac46-8021-4542-b2bf-3c9bb30cfdb0,"8949 Grand Marais Ave, Windsor, Québec, Canada",1948-01-15T03:42:10.309Z,amelia.johnson@example.com,Amelia,female,Johnson,Q86 N71-1497,https://randomuser.me/api/portraits/med/women/8.jpg,D0T 3W7,2006-04-06T21:32:30.626Z,blackpanda735
f7f8a0ca-2d3d-4408-aa61-aed01d3023c7,"3697 Queens Road, Inverness, Cheshire, United Kingdom",1966-09-21T20:03:45.293Z,jeffrey.freeman@example.com,Jeffrey,male,Freeman,015395 01694,https://randomuser.me/api/portraits/med/men/67.jpg,U14 3ZU,2010-09-15T13:10:57.890Z,smallkoala503
4e58dcc9-9f2f-4394-9012-7ac407f1ae50,"4154 Miroslava Belovića, Kikinda, Zaječar, Serbia",1990-02-25T12:36:26.099Z,jasna.dokic@example.com,Jasna,female,Dokić,022-5893-606,https://randomuser.me/api/portraits/med/women/80.jpg,44200,2014-01-10T14:06:46.030Z,purpleostrich755
b5f94850-4d10-4988-a82d-2a366f2e11a8,"6364 Walnut Hill Ln, Milwaukee, West Virginia, United States",1964-02-01T09:08:45.322Z,paul.coleman@example.com,Paul,male,Coleman,(724) 798-6968,https://randomuser.me/api/portraits/med/men/82.jpg,29952,2019-11-15T01:24:18.222Z,angryfrog193
